"Time","GPU 3","GPU 7","GPU 4","GPU 5","GPU 2","GPU 1","GPU 6","GPU 0"
2025-06-25 18:00:00,0%,0%,0%,0%,0%,0%,0%,0%
2025-06-25 18:00:15,0%,0%,0%,0%,0%,0%,0%,0%
2025-06-25 18:00:30,0%,0%,0%,0%,0%,0%,0%,0%
2025-06-25 18:00:45,0%,0%,0%,0%,0%,0%,0%,0%
2025-06-25 18:01:00,0%,0%,0%,0%,0%,0%,0%,0%
2025-06-25 18:01:15,0%,0%,0%,0%,0%,0%,0%,0%
2025-06-25 18:01:30,0%,0%,0%,0%,0%,0%,0%,0%
2025-06-25 18:01:45,0%,0%,0%,0%,0%,0%,0%,0%
2025-06-25 18:02:00,0%,0%,0%,0%,0%,0%,0%,0%
2025-06-25 18:02:15,0%,0%,0%,0%,0%,0%,0%,0%
2025-06-25 18:02:30,0%,0%,0%,0%,0%,0%,0%,0%
2025-06-25 18:02:45,0%,0%,0%,0%,0%,0%,0%,0%
2025-06-25 18:03:00,0%,0%,0%,0%,0%,0%,0%,0%
2025-06-25 18:03:15,0%,0%,0%,0%,0%,0%,0%,0%
2025-06-25 18:03:30,0%,0%,0%,0%,0%,0%,0%,0%
2025-06-25 18:03:45,0%,0%,0%,0%,0%,0%,0%,0%
2025-06-25 18:04:00,0%,0%,0%,0%,0%,0%,0%,0%
2025-06-25 18:04:15,0%,0%,0%,0%,0%,0%,0%,0%
2025-06-25 18:04:30,0%,0%,0%,0%,0%,0%,0%,0%
2025-06-25 18:04:45,0%,0%,0%,0%,0%,0%,0%,0%
2025-06-25 18:05:00,0%,0%,0%,0%,0%,0%,0%,0%
2025-06-25 18:05:15,0%,0%,0%,0%,0%,0%,0%,0%
2025-06-25 18:05:30,0%,0%,0%,0%,0%,0%,0%,0%
2025-06-25 18:05:45,0%,0%,0%,0%,0%,0%,0%,0%
2025-06-25 18:06:00,0%,0%,0%,0%,0%,0%,0%,0%
2025-06-25 18:06:15,0%,0%,0%,0%,0%,0%,0%,0%
2025-06-25 18:06:30,0%,0%,0%,0%,0%,0%,0%,0%
2025-06-25 18:06:45,0%,0%,0%,0%,0%,0%,0%,0%
2025-06-25 18:07:00,0%,0%,0%,0%,0%,0%,0%,0%
2025-06-25 18:07:15,0%,0%,0%,0%,0%,0%,0%,0%
2025-06-25 18:07:30,0%,0%,0%,0%,0%,0%,0%,0%
2025-06-25 18:07:45,0%,0%,0%,0%,0%,0%,0%,0%
2025-06-25 18:08:00,0%,0%,0%,0%,0%,0%,0%,0%
2025-06-25 18:08:15,0%,0%,0%,0%,0%,0%,0%,0%
2025-06-25 18:08:30,0%,0%,0%,0%,0%,0%,0%,0%
2025-06-25 18:08:45,0%,0%,0%,0%,0%,0%,0%,0%
2025-06-25 18:09:00,0%,0%,0%,0%,0%,0%,0%,0%
2025-06-25 18:09:15,0%,0%,0%,0%,0%,0%,0%,0%
2025-06-25 18:09:30,0%,0%,0%,0%,0%,0%,0%,0%
2025-06-25 18:09:45,0%,0%,0%,0%,0%,0%,0%,0%
2025-06-25 18:10:00,0%,0%,0%,0%,0%,0%,0%,0%
2025-06-25 18:10:15,0%,0%,0%,0%,0%,0%,0%,0%
2025-06-25 18:10:30,0%,0%,0%,0%,0%,0%,0%,0%
2025-06-25 18:10:45,0%,0%,0%,0%,0%,0%,0%,0%
2025-06-25 18:11:00,0%,0%,0%,0%,0%,0%,0%,0%
2025-06-25 18:11:15,0%,0%,0%,0%,0%,0%,0%,0%
2025-06-25 18:11:30,0%,0%,0%,0%,0%,0%,0%,0%
2025-06-25 18:11:45,0%,0%,0%,0%,0%,0%,0%,0%
2025-06-25 18:12:00,0%,0%,0%,0%,0%,0%,0%,0%
2025-06-25 18:12:15,0%,0%,0%,0%,0%,0%,0%,0%
2025-06-25 18:12:30,0%,0%,0%,0%,0%,0%,0%,0%
2025-06-25 18:12:45,0%,0%,0%,0%,0%,0%,0%,0%
2025-06-25 18:13:00,0%,0%,0%,0%,0%,0%,0%,0%
2025-06-25 18:13:15,0%,0%,0%,0%,0%,0%,0%,0%
2025-06-25 18:13:30,0%,0%,0%,0%,0%,0%,0%,0%
2025-06-25 18:13:45,0%,0%,0%,0%,0%,0%,0%,0%
2025-06-25 18:14:00,0%,0%,0%,0%,0%,0%,0%,0%
2025-06-25 18:14:15,0%,0%,0%,0%,0%,0%,0%,0%
2025-06-25 18:14:30,0%,0%,0%,0%,0%,0%,0%,0%
2025-06-25 18:14:45,0%,0%,0%,0%,0%,0%,0%,0%
2025-06-25 18:15:00,0%,0%,0%,0%,0%,0%,0%,0%
2025-06-25 18:15:15,0%,0%,0%,0%,0%,0%,0%,0%
2025-06-25 18:15:30,0%,0%,0%,0%,0%,0%,0%,0%
2025-06-25 18:15:45,0%,0%,0%,0%,0%,0%,0%,0%
2025-06-25 18:16:00,0%,0%,0%,0%,0%,0%,0%,0%
2025-06-25 18:16:15,0%,0%,0%,0%,0%,0%,0%,0%
2025-06-25 18:16:30,0%,0%,0%,0%,0%,0%,0%,0%
2025-06-25 18:16:45,0%,0%,0%,0%,0%,0%,0%,0%
2025-06-25 18:17:00,0%,0%,0%,0%,0%,0%,0%,0%
2025-06-25 18:17:15,0%,0%,0%,0%,0%,0%,0%,0%
2025-06-25 18:17:30,0%,0%,0%,0%,0%,0%,0%,0%
2025-06-25 18:17:45,0%,0%,0%,0%,0%,0%,0%,0%
2025-06-25 18:18:00,0%,0%,0%,0%,0%,0%,0%,0%
2025-06-25 18:18:15,0%,96%,0%,95%,0%,0%,83%,0%
2025-06-25 18:18:30,0%,96%,0%,95%,0%,0%,83%,0%
2025-06-25 18:18:45,0%,0%,0%,0%,0%,0%,0%,0%
2025-06-25 18:19:00,0%,0%,0%,0%,0%,0%,0%,0%
2025-06-25 18:19:15,0%,0%,0%,0%,0%,0%,0%,0%
2025-06-25 18:19:30,0%,0%,0%,0%,0%,0%,0%,0%
2025-06-25 18:19:45,0%,0%,0%,0%,0%,0%,0%,0%
2025-06-25 18:20:00,0%,0%,0%,0%,0%,0%,0%,0%
2025-06-25 18:20:15,0%,0%,0%,0%,0%,0%,0%,0%
2025-06-25 18:20:30,0%,0%,0%,0%,0%,0%,0%,0%
2025-06-25 18:20:45,0%,0%,0%,0%,0%,0%,0%,0%
2025-06-25 18:21:00,0%,0%,0%,0%,0%,0%,0%,0%
2025-06-25 18:21:15,100%,100%,100%,100%,100%,100%,100%,100%
2025-06-25 18:21:30,100%,100%,100%,100%,100%,100%,100%,100%
2025-06-25 18:21:45,92%,94%,94%,92%,92%,93%,93%,92%
2025-06-25 18:22:00,92%,94%,94%,92%,92%,93%,93%,92%
2025-06-25 18:22:15,100%,100%,100%,100%,94%,100%,100%,94%
2025-06-25 18:22:30,100%,100%,100%,100%,94%,100%,100%,94%
2025-06-25 18:22:45,100%,100%,100%,100%,100%,100%,100%,100%
2025-06-25 18:23:00,100%,100%,100%,100%,100%,100%,100%,100%
2025-06-25 18:23:15,91%,93%,92%,94%,93%,91%,92%,93%
2025-06-25 18:23:30,91%,93%,92%,94%,93%,91%,92%,93%
2025-06-25 18:23:45,100%,94%,100%,100%,94%,100%,93%,100%
2025-06-25 18:24:00,100%,94%,100%,100%,94%,100%,93%,100%
2025-06-25 18:24:15,94%,92%,95%,92%,94%,94%,93%,95%
2025-06-25 18:24:30,94%,92%,95%,92%,94%,94%,93%,95%
2025-06-25 18:24:45,100%,100%,100%,100%,100%,100%,100%,100%
2025-06-25 18:25:00,100%,100%,100%,100%,100%,100%,100%,100%
2025-06-25 18:25:15,93%,94%,92%,95%,94%,92%,95%,92%
2025-06-25 18:25:30,93%,94%,92%,95%,94%,92%,95%,92%
2025-06-25 18:25:45,100%,100%,100%,100%,86%,100%,100%,93%
2025-06-25 18:26:00,100%,100%,100%,100%,86%,100%,100%,93%
2025-06-25 18:26:15,100%,100%,100%,100%,100%,100%,100%,100%
2025-06-25 18:26:30,100%,100%,100%,100%,100%,100%,100%,100%
2025-06-25 18:26:45,92%,91%,94%,92%,94%,94%,94%,94%
2025-06-25 18:27:00,92%,91%,94%,92%,94%,94%,94%,94%
2025-06-25 18:27:15,100%,95%,100%,100%,100%,100%,100%,93%
2025-06-25 18:27:30,100%,95%,100%,100%,100%,100%,100%,93%
2025-06-25 18:27:45,94%,91%,95%,94%,94%,92%,94%,95%
2025-06-25 18:28:00,94%,91%,95%,94%,94%,92%,94%,95%
2025-06-25 18:28:15,100%,100%,100%,100%,100%,92%,100%,100%
2025-06-25 18:28:30,100%,100%,100%,100%,100%,92%,100%,100%
2025-06-25 18:28:45,92%,94%,95%,93%,94%,94%,95%,95%
2025-06-25 18:29:00,92%,94%,95%,93%,94%,94%,95%,95%
2025-06-25 18:29:15,100%,100%,100%,100%,100%,100%,100%,99%
2025-06-25 18:29:30,100%,100%,100%,100%,100%,100%,100%,99%
2025-06-25 18:29:45,93%,94%,95%,92%,93%,94%,93%,93%
2025-06-25 18:30:00,93%,94%,95%,92%,93%,94%,93%,93%
2025-06-25 18:30:15,100%,86%,100%,94%,92%,100%,95%,89%
2025-06-25 18:30:30,100%,86%,100%,94%,92%,100%,95%,89%
2025-06-25 18:30:45,100%,100%,100%,94%,94%,100%,94%,100%
2025-06-25 18:31:00,100%,100%,100%,94%,94%,100%,94%,100%
2025-06-25 18:31:15,94%,94%,94%,92%,94%,94%,94%,94%
2025-06-25 18:31:30,94%,94%,94%,92%,94%,94%,94%,94%
2025-06-25 18:31:45,100%,100%,100%,100%,100%,100%,100%,100%
2025-06-25 18:32:00,100%,100%,100%,100%,100%,100%,100%,100%
2025-06-25 18:32:15,92%,93%,93%,95%,92%,92%,93%,93%
2025-06-25 18:32:30,92%,93%,93%,95%,92%,92%,93%,93%
2025-06-25 18:32:45,100%,100%,100%,100%,100%,100%,100%,100%
2025-06-25 18:33:00,100%,100%,100%,100%,100%,100%,100%,100%
2025-06-25 18:33:15,100%,94%,100%,92%,92%,100%,95%,93%
2025-06-25 18:33:30,100%,94%,100%,92%,92%,100%,95%,93%
2025-06-25 18:33:45,100%,100%,100%,100%,100%,100%,100%,100%
2025-06-25 18:34:00,100%,100%,100%,100%,100%,100%,100%,100%
2025-06-25 18:34:15,9%,92%,0%,93%,100%,0%,93%,100%
2025-06-25 18:34:30,9%,92%,0%,93%,100%,0%,93%,100%
2025-06-25 18:34:45,91%,94%,92%,92%,93%,94%,94%,92%
2025-06-25 18:35:00,91%,94%,92%,92%,93%,94%,94%,92%
2025-06-25 18:35:15,100%,100%,100%,100%,100%,100%,100%,100%
2025-06-25 18:35:30,100%,100%,100%,100%,100%,100%,100%,100%
2025-06-25 18:35:45,91%,94%,91%,94%,91%,91%,94%,91%
2025-06-25 18:36:00,91%,94%,91%,94%,91%,91%,94%,91%
2025-06-25 18:36:15,100%,100%,100%,100%,100%,100%,100%,100%
2025-06-25 18:36:30,100%,100%,100%,100%,100%,100%,100%,100%
2025-06-25 18:36:45,92%,94%,95%,93%,94%,94%,93%,93%
2025-06-25 18:37:00,92%,94%,95%,93%,94%,94%,93%,93%
2025-06-25 18:37:15,100%,100%,100%,100%,100%,100%,100%,100%
2025-06-25 18:37:30,100%,100%,100%,100%,100%,100%,100%,100%
2025-06-25 18:37:45,94%,94%,92%,95%,94%,92%,95%,95%
2025-06-25 18:38:00,94%,94%,92%,95%,94%,92%,95%,95%
2025-06-25 18:38:15,100%,100%,100%,100%,92%,100%,100%,92%
2025-06-25 18:38:30,100%,100%,100%,100%,92%,100%,100%,92%
2025-06-25 18:38:45,100%,90%,100%,95%,100%,100%,95%,100%
2025-06-25 18:39:00,100%,90%,100%,95%,100%,100%,95%,100%
2025-06-25 18:39:15,94%,94%,92%,92%,91%,94%,92%,91%
2025-06-25 18:39:30,94%,94%,92%,92%,91%,94%,92%,91%
2025-06-25 18:39:45,100%,100%,100%,100%,100%,100%,100%,100%
2025-06-25 18:40:00,100%,100%,100%,100%,100%,100%,100%,100%
2025-06-25 18:40:15,92%,93%,95%,91%,92%,92%,91%,92%
2025-06-25 18:40:30,92%,93%,95%,91%,92%,92%,91%,92%
2025-06-25 18:40:45,100%,100%,100%,100%,100%,100%,100%,100%
2025-06-25 18:41:00,100%,100%,100%,100%,100%,100%,100%,100%
2025-06-25 18:41:15,100%,94%,100%,92%,100%,100%,94%,92%
2025-06-25 18:41:30,100%,94%,100%,92%,100%,100%,94%,92%
2025-06-25 18:41:45,100%,100%,100%,94%,100%,100%,100%,100%
2025-06-25 18:42:00,100%,100%,100%,94%,100%,100%,100%,100%
2025-06-25 18:42:15,100%,92%,100%,92%,100%,100%,92%,100%
2025-06-25 18:42:30,100%,92%,100%,92%,100%,100%,92%,100%
2025-06-25 18:42:45,94%,91%,94%,94%,94%,91%,92%,94%
2025-06-25 18:43:00,94%,91%,94%,94%,94%,91%,92%,94%
2025-06-25 18:43:15,100%,100%,100%,100%,100%,100%,100%,94%
2025-06-25 18:43:30,100%,100%,100%,100%,100%,100%,100%,94%
2025-06-25 18:43:45,93%,94%,95%,94%,94%,95%,91%,95%
2025-06-25 18:44:00,93%,94%,95%,94%,94%,95%,91%,95%
2025-06-25 18:44:15,100%,100%,94%,100%,100%,93%,100%,100%
2025-06-25 18:44:30,100%,100%,94%,100%,100%,93%,100%,100%
2025-06-25 18:44:45,92%,92%,92%,95%,92%,94%,95%,94%
2025-06-25 18:45:00,92%,92%,92%,95%,92%,94%,95%,94%
2025-06-25 18:45:15,100%,100%,100%,100%,100%,100%,100%,100%
2025-06-25 18:45:30,100%,100%,100%,100%,100%,100%,100%,100%
2025-06-25 18:45:45,94%,92%,92%,94%,91%,94%,92%,93%
2025-06-25 18:46:00,94%,92%,92%,94%,91%,94%,92%,93%
2025-06-25 18:46:15,100%,93%,100%,92%,84%,100%,92%,91%
2025-06-25 18:46:30,100%,93%,100%,92%,84%,100%,92%,91%
2025-06-25 18:46:45,100%,100%,100%,100%,100%,100%,100%,100%
2025-06-25 18:47:00,100%,100%,100%,100%,100%,100%,100%,100%
2025-06-25 18:47:15,91%,91%,94%,91%,94%,91%,94%,94%
2025-06-25 18:47:30,91%,91%,94%,91%,94%,91%,94%,94%
2025-06-25 18:47:45,100%,100%,100%,100%,100%,100%,95%,100%
2025-06-25 18:48:00,100%,100%,100%,100%,100%,100%,95%,100%
2025-06-25 18:48:15,92%,92%,92%,95%,92%,94%,95%,93%
2025-06-25 18:48:30,92%,92%,92%,95%,92%,94%,95%,93%
2025-06-25 18:48:45,100%,100%,100%,100%,100%,100%,100%,100%
2025-06-25 18:49:00,100%,100%,100%,100%,100%,100%,100%,100%
2025-06-25 18:49:15,100%,92%,100%,94%,92%,100%,94%,92%
2025-06-25 18:49:30,100%,92%,100%,94%,92%,100%,94%,92%
2025-06-25 18:49:45,100%,100%,100%,100%,94%,100%,100%,94%
2025-06-25 18:50:00,100%,100%,100%,100%,94%,100%,100%,94%
2025-06-25 18:50:15,100%,100%,100%,100%,100%,100%,100%,100%
2025-06-25 18:50:30,100%,100%,100%,100%,100%,100%,100%,100%
2025-06-25 18:50:45,91%,94%,92%,92%,93%,91%,94%,91%
2025-06-25 18:51:00,91%,94%,92%,92%,93%,91%,94%,91%
2025-06-25 18:51:15,100%,100%,100%,100%,100%,100%,100%,100%
2025-06-25 18:51:30,100%,100%,100%,100%,100%,100%,100%,100%
2025-06-25 18:51:45,92%,92%,95%,95%,94%,94%,93%,92%
2025-06-25 18:52:00,92%,92%,95%,95%,94%,94%,93%,92%
2025-06-25 18:52:15,100%,94%,100%,100%,93%,100%,100%,94%
2025-06-25 18:52:30,100%,94%,100%,100%,93%,100%,100%,94%
2025-06-25 18:52:45,94%,94%,94%,94%,94%,94%,92%,92%
2025-06-25 18:53:00,94%,94%,94%,94%,94%,94%,92%,92%
2025-06-25 18:53:15,100%,100%,100%,100%,92%,100%,100%,94%
2025-06-25 18:53:30,100%,100%,100%,100%,92%,100%,100%,94%
2025-06-25 18:53:45,100%,100%,100%,100%,100%,100%,100%,100%
2025-06-25 18:54:00,100%,100%,100%,100%,100%,100%,100%,100%
2025-06-25 18:54:15,91%,100%,92%,100%,91%,93%,87%,94%
2025-06-25 18:54:30,91%,100%,92%,100%,91%,93%,87%,94%
2025-06-25 18:54:45,100%,100%,93%,100%,100%,100%,100%,100%
2025-06-25 18:55:00,100%,100%,93%,100%,100%,100%,100%,100%
2025-06-25 18:55:15,94%,94%,94%,93%,94%,92%,93%,94%
2025-06-25 18:55:30,94%,94%,94%,93%,94%,92%,93%,94%
2025-06-25 18:55:45,100%,100%,100%,100%,100%,100%,100%,100%
2025-06-25 18:56:00,100%,100%,100%,100%,100%,100%,100%,100%
2025-06-25 18:56:15,92%,94%,94%,92%,94%,92%,95%,92%
2025-06-25 18:56:30,92%,94%,94%,92%,94%,92%,95%,92%
2025-06-25 18:56:45,100%,100%,100%,100%,100%,100%,100%,100%
2025-06-25 18:57:00,100%,100%,100%,100%,100%,100%,100%,100%
2025-06-25 18:57:15,97%,91%,92%,94%,100%,93%,94%,100%
2025-06-25 18:57:30,97%,91%,92%,94%,100%,93%,94%,100%
2025-06-25 18:57:45,91%,91%,94%,92%,91%,93%,94%,92%
2025-06-25 18:58:00,91%,91%,94%,92%,91%,93%,94%,92%
2025-06-25 18:58:15,100%,100%,100%,100%,100%,100%,100%,100%
2025-06-25 18:58:30,100%,100%,100%,100%,100%,100%,100%,100%
2025-06-25 18:58:45,100%,94%,100%,93%,92%,100%,93%,95%
2025-06-25 18:59:00,100%,94%,100%,93%,92%,100%,93%,95%
2025-06-25 18:59:15,100%,100%,100%,96%,100%,100%,100%,100%
2025-06-25 18:59:30,100%,100%,100%,96%,100%,100%,100%,100%
2025-06-25 18:59:45,92%,94%,93%,94%,94%,94%,95%,92%
2025-06-25 19:00:00,92%,94%,93%,94%,94%,94%,95%,92%
2025-06-25 19:00:15,100%,100%,100%,100%,100%,100%,100%,100%
2025-06-25 19:00:30,100%,100%,100%,100%,100%,100%,100%,100%
2025-06-25 19:00:45,100%,94%,100%,93%,94%,100%,93%,93%
2025-06-25 19:01:00,100%,94%,100%,93%,94%,100%,93%,93%
2025-06-25 19:01:15,91%,94%,94%,94%,94%,92%,94%,91%
2025-06-25 19:01:30,91%,94%,94%,94%,94%,92%,94%,91%
2025-06-25 19:01:45,100%,100%,100%,100%,100%,100%,100%,100%
2025-06-25 19:02:00,100%,100%,100%,100%,100%,100%,100%,100%
2025-06-25 19:02:15,93%,94%,94%,91%,94%,88%,94%,91%
2025-06-25 19:02:30,93%,94%,94%,91%,94%,88%,94%,91%
2025-06-25 19:02:45,100%,100%,100%,100%,100%,100%,100%,100%
2025-06-25 19:03:00,100%,100%,100%,100%,100%,100%,100%,100%
2025-06-25 19:03:15,92%,94%,95%,95%,100%,93%,93%,100%
2025-06-25 19:03:30,92%,94%,95%,95%,100%,93%,93%,100%
2025-06-25 19:03:45,100%,100%,100%,100%,100%,100%,100%,100%
2025-06-25 19:04:00,100%,100%,100%,100%,100%,100%,100%,100%
2025-06-25 19:04:15,94%,94%,93%,95%,92%,92%,93%,93%
2025-06-25 19:04:30,94%,94%,93%,95%,92%,92%,93%,93%
2025-06-25 19:04:45,100%,100%,100%,100%,91%,100%,100%,94%
2025-06-25 19:05:00,100%,100%,100%,100%,91%,100%,100%,94%
2025-06-25 19:05:15,100%,92%,100%,93%,100%,100%,93%,100%
2025-06-25 19:05:30,100%,92%,100%,93%,100%,100%,93%,100%
2025-06-25 19:05:45,91%,91%,92%,94%,91%,91%,92%,94%
2025-06-25 19:06:00,91%,91%,92%,94%,91%,91%,92%,94%
2025-06-25 19:06:15,100%,100%,100%,100%,100%,100%,100%,100%
2025-06-25 19:06:30,100%,100%,100%,100%,100%,100%,100%,100%
2025-06-25 19:06:45,91%,100%,94%,100%,91%,93%,100%,91%
2025-06-25 19:07:00,91%,100%,94%,100%,91%,93%,100%,91%
2025-06-25 19:07:15,100%,100%,100%,100%,100%,100%,96%,100%
2025-06-25 19:07:30,100%,100%,100%,100%,100%,100%,96%,100%
2025-06-25 19:07:45,92%,94%,93%,95%,92%,92%,93%,95%
2025-06-25 19:08:00,92%,94%,93%,95%,92%,92%,93%,95%
2025-06-25 19:08:15,100%,100%,100%,100%,100%,100%,100%,100%
2025-06-25 19:08:30,100%,100%,100%,100%,100%,100%,100%,100%
2025-06-25 19:08:45,92%,94%,93%,93%,94%,93%,93%,92%
2025-06-25 19:09:00,92%,94%,93%,93%,94%,93%,93%,92%
2025-06-25 19:09:15,92%,100%,94%,100%,94%,92%,100%,94%
2025-06-25 19:09:30,92%,100%,94%,100%,94%,92%,100%,94%
2025-06-25 19:09:45,100%,100%,100%,100%,100%,100%,100%,100%
2025-06-25 19:10:00,100%,100%,100%,100%,100%,100%,100%,100%
2025-06-25 19:10:15,94%,91%,92%,94%,91%,91%,92%,91%
2025-06-25 19:10:30,94%,91%,92%,94%,91%,91%,92%,91%
2025-06-25 19:10:45,100%,100%,100%,100%,100%,100%,100%,100%
2025-06-25 19:11:00,100%,100%,100%,100%,100%,100%,100%,100%
2025-06-25 19:11:15,94%,93%,93%,95%,92%,92%,93%,93%
2025-06-25 19:11:30,94%,93%,93%,95%,92%,92%,93%,93%
2025-06-25 19:11:45,100%,100%,100%,100%,100%,100%,100%,100%
2025-06-25 19:12:00,100%,100%,100%,100%,100%,100%,100%,100%
2025-06-25 19:12:15,92%,92%,93%,95%,93%,94%,95%,92%
2025-06-25 19:12:30,92%,92%,93%,95%,93%,94%,95%,92%
2025-06-25 19:12:45,100%,100%,100%,100%,100%,100%,100%,100%
2025-06-25 19:13:00,100%,100%,100%,100%,100%,100%,100%,100%
2025-06-25 19:13:15,100%,94%,100%,93%,100%,100%,95%,100%
2025-06-25 19:13:30,100%,94%,100%,93%,100%,100%,95%,100%
2025-06-25 19:13:45,94%,91%,92%,94%,91%,91%,94%,94%
2025-06-25 19:14:00,94%,91%,92%,94%,91%,91%,94%,94%
2025-06-25 19:14:15,100%,100%,100%,100%,100%,100%,100%,100%
2025-06-25 19:14:30,100%,100%,100%,100%,100%,100%,100%,100%
2025-06-25 19:14:45,91%,100%,94%,100%,92%,93%,100%,95%
2025-06-25 19:15:00,91%,100%,94%,100%,92%,93%,100%,95%
2025-06-25 19:15:15,100%,100%,91%,100%,100%,100%,100%,100%
2025-06-25 19:15:30,100%,100%,91%,100%,100%,100%,100%,100%
2025-06-25 19:15:45,94%,94%,95%,93%,94%,94%,95%,95%
2025-06-25 19:16:00,94%,94%,95%,93%,94%,94%,95%,95%
2025-06-25 19:16:15,100%,100%,100%,100%,100%,100%,100%,100%
2025-06-25 19:16:30,100%,100%,100%,100%,100%,100%,100%,100%
2025-06-25 19:16:45,100%,94%,100%,95%,100%,100%,93%,100%
2025-06-25 19:17:00,100%,94%,100%,95%,100%,100%,93%,100%
2025-06-25 19:17:15,91%,93%,92%,94%,92%,94%,94%,92%
2025-06-25 19:17:30,91%,93%,92%,94%,92%,94%,94%,92%
2025-06-25 19:17:45,100%,100%,100%,93%,100%,100%,100%,100%
2025-06-25 19:18:00,100%,100%,100%,93%,100%,100%,100%,100%
2025-06-25 19:18:15,91%,91%,91%,92%,92%,94%,94%,91%
2025-06-25 19:18:30,91%,91%,91%,92%,92%,94%,94%,91%
2025-06-25 19:18:45,92%,91%,92%,92%,93%,91%,92%,92%
2025-06-25 19:19:00,92%,91%,92%,92%,93%,91%,92%,92%
2025-06-25 19:19:15,0%,0%,0%,0%,0%,0%,0%,0%
2025-06-25 19:19:30,0%,0%,0%,0%,0%,0%,0%,0%
2025-06-25 19:19:45,0%,0%,0%,0%,0%,0%,0%,0%
2025-06-25 19:20:00,0%,0%,0%,0%,0%,0%,0%,0%
2025-06-25 19:20:15,0%,0%,0%,0%,0%,0%,0%,0%
2025-06-25 19:20:30,0%,0%,0%,0%,0%,0%,0%,0%
2025-06-25 19:20:45,0%,0%,0%,0%,0%,0%,0%,0%
2025-06-25 19:21:00,0%,0%,0%,0%,0%,0%,0%,0%
2025-06-25 19:21:15,0%,0%,0%,0%,0%,0%,0%,0%
2025-06-25 19:21:30,0%,0%,0%,0%,0%,0%,0%,0%
2025-06-25 19:21:45,0%,0%,0%,0%,0%,0%,0%,0%
2025-06-25 19:22:00,0%,0%,0%,0%,0%,0%,0%,0%
2025-06-25 19:22:15,0%,0%,0%,0%,0%,0%,0%,0%
2025-06-25 19:22:30,0%,0%,0%,0%,0%,0%,0%,0%
2025-06-25 19:22:45,0%,0%,0%,0%,0%,0%,0%,0%
2025-06-25 19:23:00,0%,0%,0%,0%,0%,0%,0%,0%
2025-06-25 19:23:15,0%,0%,0%,0%,0%,0%,0%,0%
2025-06-25 19:23:30,0%,0%,0%,0%,0%,0%,0%,0%
2025-06-25 19:23:45,0%,0%,0%,0%,0%,0%,0%,0%
2025-06-25 19:24:00,0%,0%,0%,0%,0%,0%,0%,0%
2025-06-25 19:24:15,0%,0%,0%,0%,0%,0%,0%,0%
2025-06-25 19:24:30,0%,0%,0%,0%,0%,0%,0%,0%
2025-06-25 19:24:45,0%,0%,0%,0%,0%,0%,0%,0%
2025-06-25 19:25:00,0%,0%,0%,0%,0%,0%,0%,0%
2025-06-25 19:25:15,0%,0%,0%,0%,0%,0%,0%,0%
2025-06-25 19:25:30,0%,0%,0%,0%,0%,0%,0%,0%
2025-06-25 19:25:45,0%,0%,0%,0%,0%,0%,0%,0%
2025-06-25 19:26:00,0%,0%,0%,0%,0%,0%,0%,0%
2025-06-25 19:26:15,0%,0%,0%,0%,0%,0%,0%,0%
2025-06-25 19:26:30,0%,0%,0%,0%,0%,0%,0%,0%
2025-06-25 19:26:45,0%,0%,0%,0%,0%,0%,0%,0%
2025-06-25 19:27:00,0%,0%,0%,0%,0%,0%,0%,0%
2025-06-25 19:27:15,4%,5%,4%,0%,5%,5%,1%,5%
2025-06-25 19:27:30,4%,5%,4%,0%,5%,5%,1%,5%
2025-06-25 19:27:45,28%,0%,19%,0%,100%,0%,0%,100%
2025-06-25 19:28:00,28%,0%,19%,0%,100%,0%,0%,100%
2025-06-25 19:28:15,0%,3%,0%,23%,48%,0%,18%,0%
2025-06-25 19:28:30,0%,3%,0%,23%,48%,0%,18%,0%
2025-06-25 19:28:45,91%,91%,91%,91%,91%,91%,89%,91%
2025-06-25 19:29:00,91%,91%,91%,91%,91%,91%,89%,91%
2025-06-25 19:29:15,89%,91%,91%,91%,91%,90%,90%,91%
2025-06-25 19:29:30,89%,91%,91%,91%,91%,90%,90%,91%
2025-06-25 19:29:45,90%,90%,91%,91%,91%,91%,91%,91%
2025-06-25 19:30:00,90%,90%,91%,91%,91%,91%,91%,91%
2025-06-25 19:30:15,90%,89%,90%,89%,91%,91%,91%,91%
2025-06-25 19:30:30,90%,89%,90%,89%,91%,91%,91%,91%
2025-06-25 19:30:45,90%,91%,91%,91%,90%,89%,90%,91%
2025-06-25 19:31:00,90%,91%,91%,91%,90%,89%,90%,91%
2025-06-25 19:31:15,91%,90%,92%,91%,90%,91%,90%,89%
2025-06-25 19:31:30,91%,90%,92%,91%,90%,91%,90%,89%
2025-06-25 19:31:45,89%,90%,91%,90%,91%,90%,89%,91%
2025-06-25 19:32:00,89%,90%,91%,90%,91%,90%,89%,91%
2025-06-25 19:32:15,91%,91%,91%,91%,91%,90%,91%,91%
2025-06-25 19:32:30,91%,91%,91%,91%,91%,90%,91%,91%
2025-06-25 19:32:45,90%,90%,92%,90%,90%,91%,89%,89%
2025-06-25 19:33:00,90%,90%,92%,90%,90%,91%,89%,89%
2025-06-25 19:33:15,91%,91%,90%,91%,90%,91%,90%,90%
2025-06-25 19:33:30,91%,91%,90%,91%,90%,91%,90%,90%
2025-06-25 19:33:45,90%,91%,90%,91%,90%,90%,91%,91%
2025-06-25 19:34:00,90%,91%,90%,91%,90%,90%,91%,91%
2025-06-25 19:34:15,90%,90%,91%,91%,89%,89%,89%,89%
2025-06-25 19:34:30,90%,90%,91%,91%,89%,89%,89%,89%
2025-06-25 19:34:45,90%,91%,90%,91%,89%,91%,91%,89%
2025-06-25 19:35:00,90%,91%,90%,91%,89%,91%,91%,89%
2025-06-25 19:35:15,91%,90%,92%,90%,89%,91%,91%,89%
2025-06-25 19:35:30,91%,90%,92%,90%,89%,91%,91%,89%
2025-06-25 19:35:45,91%,90%,90%,91%,91%,91%,90%,91%
2025-06-25 19:36:00,91%,90%,90%,91%,91%,91%,90%,91%
2025-06-25 19:36:15,91%,91%,92%,91%,91%,91%,91%,91%
2025-06-25 19:36:30,91%,91%,92%,91%,91%,91%,91%,91%
2025-06-25 19:36:45,89%,91%,90%,91%,91%,89%,89%,91%
2025-06-25 19:37:00,89%,91%,90%,91%,91%,89%,89%,91%
2025-06-25 19:37:15,92%,91%,91%,90%,89%,91%,90%,91%
2025-06-25 19:37:30,92%,91%,91%,90%,89%,91%,90%,91%
2025-06-25 19:37:45,91%,91%,90%,91%,91%,91%,91%,91%
2025-06-25 19:38:00,91%,91%,90%,91%,91%,91%,91%,91%
2025-06-25 19:38:15,91%,91%,92%,90%,91%,91%,91%,91%
2025-06-25 19:38:30,91%,91%,92%,90%,91%,91%,91%,91%
2025-06-25 19:38:45,91%,91%,92%,91%,91%,91%,91%,89%
2025-06-25 19:39:00,91%,91%,92%,91%,91%,91%,91%,89%
2025-06-25 19:39:15,91%,91%,90%,90%,90%,91%,91%,90%
2025-06-25 19:39:30,91%,91%,90%,90%,90%,91%,91%,90%
2025-06-25 19:39:45,91%,91%,92%,91%,91%,91%,91%,91%
2025-06-25 19:40:00,91%,91%,92%,91%,91%,91%,91%,91%
2025-06-25 19:40:15,91%,90%,92%,90%,91%,89%,89%,89%
2025-06-25 19:40:30,91%,90%,92%,90%,91%,89%,89%,89%
2025-06-25 19:40:45,91%,91%,90%,90%,89%,89%,91%,89%
2025-06-25 19:41:00,91%,91%,90%,90%,89%,89%,91%,89%
2025-06-25 19:41:15,90%,91%,90%,91%,89%,90%,90%,89%
2025-06-25 19:41:30,90%,91%,90%,91%,89%,90%,90%,89%
2025-06-25 19:41:45,91%,91%,91%,91%,89%,91%,89%,90%
2025-06-25 19:42:00,91%,91%,91%,91%,89%,91%,89%,90%
2025-06-25 19:42:15,91%,91%,92%,90%,91%,91%,89%,91%
2025-06-25 19:42:30,91%,91%,92%,90%,91%,91%,89%,91%
2025-06-25 19:42:45,90%,91%,91%,90%,90%,91%,89%,89%
2025-06-25 19:43:00,90%,91%,91%,90%,90%,91%,89%,89%
2025-06-25 19:43:15,90%,90%,91%,88%,78%,89%,91%,88%
2025-06-25 19:43:30,90%,90%,91%,88%,78%,89%,91%,88%
2025-06-25 19:43:45,91%,91%,90%,91%,90%,89%,89%,91%
2025-06-25 19:44:00,91%,91%,90%,91%,90%,89%,89%,91%
2025-06-25 19:44:15,90%,91%,92%,91%,91%,91%,89%,91%
2025-06-25 19:44:30,90%,91%,92%,91%,91%,91%,89%,91%
2025-06-25 19:44:45,90%,91%,90%,91%,89%,90%,91%,91%
2025-06-25 19:45:00,90%,91%,90%,91%,89%,90%,91%,91%
2025-06-25 19:45:15,91%,91%,90%,90%,91%,89%,89%,89%
2025-06-25 19:45:30,91%,91%,90%,90%,91%,89%,89%,89%
2025-06-25 19:45:45,90%,90%,90%,91%,91%,90%,91%,91%
2025-06-25 19:46:00,90%,90%,90%,91%,91%,90%,91%,91%
2025-06-25 19:46:15,90%,90%,91%,91%,91%,91%,89%,89%
2025-06-25 19:46:30,90%,90%,91%,91%,91%,91%,89%,89%
2025-06-25 19:46:45,91%,91%,90%,90%,91%,89%,89%,89%
2025-06-25 19:47:00,91%,91%,90%,90%,91%,89%,89%,89%
2025-06-25 19:47:15,90%,91%,90%,90%,90%,89%,89%,89%
2025-06-25 19:47:30,90%,91%,90%,90%,90%,89%,89%,89%
2025-06-25 19:47:45,91%,91%,90%,90%,90%,89%,89%,91%
2025-06-25 19:48:00,91%,91%,90%,90%,90%,89%,89%,91%
2025-06-25 19:48:15,91%,90%,91%,90%,89%,90%,90%,91%
2025-06-25 19:48:30,91%,90%,91%,90%,89%,90%,90%,91%
2025-06-25 19:48:45,90%,92%,90%,91%,91%,89%,90%,91%
2025-06-25 19:49:00,90%,92%,90%,91%,91%,89%,90%,91%
2025-06-25 19:49:15,91%,91%,91%,91%,89%,91%,91%,91%
2025-06-25 19:49:30,91%,91%,91%,91%,89%,91%,91%,91%
2025-06-25 19:49:45,90%,91%,90%,90%,89%,89%,90%,89%
2025-06-25 19:50:00,90%,91%,90%,90%,89%,89%,90%,89%
2025-06-25 19:50:15,89%,91%,90%,90%,90%,90%,89%,91%
2025-06-25 19:50:30,89%,91%,90%,90%,90%,90%,89%,91%
2025-06-25 19:50:45,90%,90%,90%,91%,90%,91%,91%,89%
2025-06-25 19:51:00,90%,90%,90%,91%,90%,91%,91%,89%
2025-06-25 19:51:15,90%,89%,92%,91%,90%,91%,91%,91%
2025-06-25 19:51:30,90%,89%,92%,91%,90%,91%,91%,91%
2025-06-25 19:51:45,91%,91%,89%,91%,89%,91%,89%,89%
2025-06-25 19:52:00,91%,91%,89%,91%,89%,91%,89%,89%
2025-06-25 19:52:15,90%,90%,92%,90%,91%,89%,89%,91%
2025-06-25 19:52:30,90%,90%,92%,90%,91%,89%,89%,91%
2025-06-25 19:52:45,90%,91%,91%,90%,90%,91%,91%,89%
2025-06-25 19:53:00,90%,91%,91%,90%,90%,91%,91%,89%
2025-06-25 19:53:15,91%,91%,91%,89%,89%,91%,89%,89%
2025-06-25 19:53:30,91%,91%,91%,89%,89%,91%,89%,89%
2025-06-25 19:53:45,91%,91%,91%,90%,91%,89%,89%,91%
2025-06-25 19:54:00,91%,91%,91%,90%,91%,89%,89%,91%
2025-06-25 19:54:15,91%,91%,88%,90%,90%,91%,91%,89%
2025-06-25 19:54:30,91%,91%,88%,90%,90%,91%,91%,89%
2025-06-25 19:54:45,91%,91%,89%,90%,90%,91%,89%,90%
2025-06-25 19:55:00,91%,91%,89%,90%,90%,91%,89%,90%
2025-06-25 19:55:15,90%,90%,89%,90%,91%,89%,89%,89%
2025-06-25 19:55:30,90%,90%,89%,90%,91%,89%,89%,89%
2025-06-25 19:55:45,91%,89%,91%,90%,90%,91%,89%,91%
2025-06-25 19:56:00,91%,89%,91%,90%,90%,91%,89%,91%
2025-06-25 19:56:15,91%,91%,91%,91%,91%,89%,91%,91%
2025-06-25 19:56:30,91%,91%,91%,91%,91%,89%,91%,91%
2025-06-25 19:56:45,0%,0%,0%,0%,0%,0%,0%,0%
2025-06-25 19:57:00,0%,0%,0%,0%,0%,0%,0%,0%
2025-06-25 19:57:15,0%,0%,0%,0%,0%,0%,0%,0%
2025-06-25 19:57:30,0%,0%,0%,0%,0%,0%,0%,0%
2025-06-25 19:57:45,0%,0%,0%,0%,0%,0%,0%,0%
2025-06-25 19:58:00,0%,0%,0%,0%,0%,0%,0%,0%
2025-06-25 19:58:15,0%,0%,0%,0%,0%,0%,0%,0%
2025-06-25 19:58:30,0%,0%,0%,0%,0%,0%,0%,0%
2025-06-25 19:58:45,0%,0%,0%,0%,0%,0%,0%,0%
2025-06-25 19:59:00,0%,0%,0%,0%,0%,0%,0%,0%
2025-06-25 19:59:15,0%,0%,0%,0%,0%,0%,0%,0%
2025-06-25 19:59:30,0%,0%,0%,0%,0%,0%,0%,0%
2025-06-25 19:59:45,0%,0%,0%,0%,0%,0%,0%,0%